{"overviewpaneldownloadlinksfailedcountvisible":false,"clipboarddisabledwarningflashenabled":true,"activepluginconfigpanel":"jd.plugins.hoster.GoogleDriveDirectoryIndex/workers.dev","horizontalscrollbarsindownloadtableenabled":false,"overviewpaneldownloadrunningdownloadscountvisible":true,"downloadview":"ALL","linkpropertiespaneldownloadpasswordvisible":true,"speedmetervisible":true,"overviewpaneldownloadpackagecountvisible":true,"datetimeformataccountmanagerexpiredatecolumn":null,"password":"","linkpropertiespanelfilenamevisible":true,"titlepattern":"|#TITLE|| - #SPEED/s|| - #UPDATENOTIFY|","filterhighlightenabled":true,"overviewpaneltotalinfovisible":true,"linkpropertiespanelchecksumvisible":true,"downloadspropertiespanelsavetovisible":true,"packagesbackgroundhighlightenabled":true,"overviewpaneldownloadlinkcountvisible":true,"downloadspropertiespanelpackagenamevisible":true,"newdialogframestate":"TO_FRONT","overviewpaneldownloadlinksfinishedcountvisible":false,"downloadviewrefresh":500,"datetimeformatdownloadlistaddeddatecolumn":null,"overviewpanelsmartinfovisible":true,"availablecolumntextvisible":false,"newlinksactionv2":"SWITCH","bannerenabled":true,"showfullhostname":false,"overviewpanellinkgrabberstatusonlinevisible":true,"linkpropertiespanelcommentvisible":true,"clipboardmonitored":false,"donatebuttonstate":"AUTO_VISIBLE","filecountinsizecolumnvisible":true,"clipboardskipmode":"ON_STARTUP","downloadstablerefreshinterval":1000,"overviewpaneldownloadpanelincludedisabledlinks":true,"datetimeformatdownloadlistmodifieddatecolumn":null,"tablewraparoundenabled":true,"tooltipenabled":true,"statusbaraddpremiumbuttonvisible":true,"captchadialogborderaroundimageenabled":true,"tablemouseoverhighlightenabled":true,"linkpropertiespanelsavetovisible":true,"overviewpanellinkgrabberlinkscountvisible":true,"clipboardmonitorprocesshtmlflavor":true,"overviewpanelselectedinfovisible":true,"linkpropertiespaneldownloadfromvisible":false,"sortcolumnhighlightenabled":true,"startbuttonactioninlinkgrabbercontext":"ADD_ALL_LINKS_AND_START_DOWNLOADS","colorediconsfordisabledhostercolumnenabled":true,"premiumalertspeedcolumnenabled":true,"downloadspropertiespanelcommentvisible":true,"overviewpaneldownloadtotalbytesvisible":true,"captchadialoguniquepositionbyhosterenabled":true,"overviewpanellinkgrabberpackagecountvisible":true,"confirmincompletearchiveaction":"ASK","windowswindowmanagerforegroundlocktimeout":200000,"datetimeformatdownloadlistfinisheddatecolumn":null,"bypassallrlydeletedialogsenabled":false,"linkgrabbertabpropertiespanelvisible":true,"configviewvisible":true,"downloadstabpropertiespanelvisible":true,"selecteddownloadsearchcategory":"FILENAME","overviewpaneldownloadetavisible":true,"savedownloadviewcrosssessionenabled":false,"overviewpanellinkgrabberstatusunknownvisible":true,"myjdownloaderviewvisible":false,"downloadspropertiespanelchecksumvisible":true,"downloadspropertiespanelfilenamevisible":false,"speedmetertimeframe":30000,"mainwindowalwaysontop":false,"windowstaskbarprogressdisplay":"TOTAL_PROGRESS","overviewpaneldownloadconnectionsvisible":true,"helpdialogsenabled":true,"lookandfeeltheme":"DEFAULT","linkpropertiespanelarchivepasswordvisible":true,"horizontalscrollbarsinlinkgrabbertableenabled":false,"downloadspropertiespaneldownloadfromvisible":false,"overviewpanellinkgrabberstatusofflinevisible":true,"activeconfigpanel":"jd.gui.swing.jdgui.views.settings.panels.advanced.AdvancedSettings","balloonnotificationenabled":true,"donationnotifyid":null,"speedmeterframespersecond":4,"linkpropertiespanelpackagenamevisible":true,"passwordprotectionenabled":false,"overviewpaneldownloadspeedvisible":true,"premiumstatusbardisplay":"GROUP_BY_ACCOUNT_TYPE","maxsizeunit":"TiB","downloadpaneloverviewsettingsvisible":false,"tooltipdelay":2000,"overviewpaneldownloadbytesloadedvisible":true,"hatecaptchastextincaptchadialogvisible":true,"speedinwindowtitle":"WHEN_WINDOW_IS_MINIMIZED","overviewpanellinkgrabbertotalbytesvisible":true,"selectedlinkgrabbersearchcategory":"FILENAME","downloadtaboverviewvisible":true,"rlywarnlevel":"NORMAL","overviewpanellinkgrabberhostercountvisible":true,"twostepctrlaselectionenabled":false,"downloadspropertiespaneldownloadpasswordvisible":true,"dialogdefaulttimeoutinms":20000,"propertiespanelheightnormalized":false,"hidesinglechildpackages":false,"linkgrabberbottombarposition":"SOUTH","linkgrabbertaboverviewvisible":true,"windowswindowmanageraltkeyworkaroundenabled":true,"overviewpaneldownloadlinksskippedcountvisible":false,"customlookandfeelclass":null,"updatebuttonflashingenabled":true,"overviewpanelvisibleonlyinfovisible":true,"linkgrabbersidebarvisible":true,"downloadspropertiespanelarchivepasswordvisible":true}