{"maxsimultanedownloadsperhost":10,"delaywritemode":"AUTO","iffileexistsaction":"OVERWRITE_FILE","downloadtempunavailableretrywaittime":1800000,"autoaddlinksafterlinkcheck":false,"freeproxybalancemode":"RANDOM","useoriginallastmodified":false,"maxdownloadlinkhistoryentries":10,"autostartdownloadoption":"ALWAYS","copysinglerealurl":false,"proxyhostbantimeout":900000,"maxpluginretries":3,"defaultdownloadfolder":"/content","windowsjnaidledetectorenabled":true,"downloadspeedlimitrememberedenabled":true,"autosortchildrenenabled":true,"createfoldertrigger":"ON_DOWNLOAD_START","autostartcountdownseconds":0,"deleteemptysubfoldersafterdeletingdownloadedfilesenabled":true,"maxdownloadsperhostenabled":false,"showfilenameincaptchadialogenabled":true,"maxchunksperfile":1,"sambaprefetchenabled":true,"forcedfreespaceondisk":128,"accounttemporarilydisableddefaulttimeout":3600000,"savelinkgrabberlistenabled":true,"myjdownloadercaptchasolverenabled":false,"waittimeonconnectionloss":300000,"automaxdownloadsspeedlimitmindelay":10000,"automaxdownloadsspeedlimit":0,"keepxoldlists":5,"downloaddestinationhistorylength":25,"filterregex":false,"movefilesifdownloaddestinationchangesenabled":true,"automaxdownloadsspeedlimitmaxdownloads":10,"cleanupafterdownloadaction":"NEVER","hashcheckenabled":true,"downloadspeedlimitenabled":false,"mirrordetectiondecision":"AUTO","downloadhashcheckfailedretrywaittime":300000,"dupemanagerenabled":true,"forcemirrordetectioncaseinsensitive":true,"autoopencontainerafterdownload":true,"preferbouncycastlefortls":false,"networkissuestimeout":15000,"flushbuffertimeout":120000,"cleanupfileexists":true,"allowunsafefilenameforfileexistscheck":false,"maxsimultanedownloads":20,"pausespeed":10240,"cleanupfilenames":true,"directhttpcrawlerenabled":true,"renamefilesifdownloadlinknamechangesenabled":true,"maxbuffersize":500,"closedwithrunningdownloads":false,"mirrordetectionfilesizeequality":10000,"maxforceddownloads":5,"showcountdownonautostartdownloads":true,"onskipduetoalreadyexistsaction":"SKIP_FILE","flushbufferlevel":80,"downloadhostunavailableretrywaittime":3600000,"freespacecheckenabled":true,"forcemirrordetectionfilesizecheck":false,"sharedmemorystateenabled":false,"hashretryenabled":false,"downloadunknownioexceptionwaittime":600000,"convertrelativepathsjdroot":true,"useavailableaccounts":true,"deletecontainerfilesafteraddingthemaction":"DONT_DELETE","downloadspeedlimit":51200}