{"countdownforinstallupdatesonexitbubble":10000,"proxydialogonnoconnectionenabled":true,"selftestwritetimeout":60000,"autohideguiiftherearenoupdatesenabled":false,"lastsuccessfulconnection":1663681139368,"updateinterval":600000,"autohideguiifsilentupdateswereinstalledenabled":false,"doaskmebeforeinstallinganupdateenabled":false,"jardiffenabled":true,"updateguialwaysontop":true,"installupdatesonexitenabled":true,"doaskbeforedownloadinganupdate":false,"installupdatessilentlyifpossibleenabled":true,"autoupdatecheckenabled":true,"installupdatesonexitpanelvisible":true,"selftestpolltimeout":60000}