{"crawlerbubblecontentlinkcountvisible":true,"crawlerbubblecontentpackagecountvisible":true,"bubblenotifyonnewlinkgrabberlinksenabled":true,"crawlerbubblecontentstatusvisible":true,"crawlerbubblecontentlistqueuevisible":true,"crawlerbubblecontentdurationvisible":true,"crawlerbubblecontentcheckqueuevisible":true,"bubblenotifyonupdateavailableenabled":true,"fadeanimationduration":900,"bubblenotifystartpausestopenabled":true,"crawlerbubblecontentanimatediconvisible":true,"downloadstartedbubblecontentproxyvisible":true,"crawlerbubblecontentofflinecountvisible":true,"bubblenotifyoncaptchainbackgroundenabled":true,"bubblenotifyenabledstate":"JD_NOT_ACTIVE","bubbleanchorrelativetowindow":false,"crawlerbubblecontentonlinecountvisible":true,"defaulttimeout":15000,"screenid":"\\Display9999","bubblenotifyonnewlinkgrabberlinkson":"LINK","bubblenotifyenabledduringsilentmode":false,"bubblenotifyonnewlinkgrabberlinksendnotifydelay":15000,"bubblenotifyonreconnectstartenabled":true,"transparency":100,"animationstartpositionanchor":"SYSTEM_DEFAULT","animationendpositionanchor":"SYSTEM_DEFAULT","bubblenotifystartstopdownloadsenabled":false,"finalpositionanchor":"SYSTEM_DEFAULT"}